problem_id,generator_llm,language,label,judge_llm,approach,judgment,succeed,description,updated_at
abbots_puzzle,openai/gpt-5.4-mini,CPMpy,equivalent,anthropic/claude-sonnet-4.6,reference_free,equivalent,yes,"All three constraints correctly encode the problem: total people sum to 100, bushels equation (multiplied by 2 to avoid fractions) equals 200, and women equals five times men. The model produces the unique valid solution of 5 men, 25 women, and 70 children.",2026-06-09T12:01:51
abbots_puzzle,openai/gpt-5.4-mini,CPMpy,equivalent,qwen/qwen3-8b,reference_free,equivalent,yes,"The model correctly captures all problem constraints: total people, total bushels, and women-to-men ratio. It finds the unique valid solution (5 men, 25 women, 70 children) with no false positives or negatives.",2026-06-09T12:06:55
abbots_puzzle,openai/gpt-5.4-mini,CPMpy,incomplete,anthropic/claude-sonnet-4.6,reference_free,incomplete,yes,"The candidate adds an extra constraint `children <= 40` that is not in the problem. The unique valid solution has children=70, which violates this constraint, so the model finds no solution when one exists, making it incomplete.",2026-06-09T12:02:16
abbots_puzzle,openai/gpt-5.4-mini,CPMpy,incomplete,qwen/qwen3-8b,reference_free,incomplete,yes,"The model adds an unnecessary constraint (children <= 40) that excludes the valid solution (5 men, 25 women, 70 children). The other constraints are correct, but the model misses valid solutions due to this extraneous limit.",2026-06-09T12:07:45
abbots_puzzle,openai/gpt-5.4-mini,CPMpy,non-executable,anthropic/claude-sonnet-4.6,reference_free,non-executable,yes,"The candidate uses `model.solve_model()` which is not a valid CPMpy API method; the correct method is `model.solve()`. This will raise an AttributeError at runtime, making the model non-executable.",2026-06-09T12:02:42
abbots_puzzle,openai/gpt-5.4-mini,CPMpy,non-executable,qwen/qwen3-8b,reference_free,equivalent,no,"The model correctly captures all constraints: total people, total bushels, and women being five times men. The solution is unique and valid.",2026-06-09T12:08:35
abbots_puzzle,openai/gpt-5.4-mini,CPMpy,unsound,anthropic/claude-sonnet-4.6,reference_free,unsound,yes,"The bushels constraint uses `>= 200` instead of `== 200`, which means any distribution where people receive MORE than 100 bushels total is also accepted. This introduces false positives, making the model unsound. The correct reformulation of 3*men + 2*women + 0.5*children = 100 (multiplied by 2) should be an equality constraint.",2026-06-09T12:02:06
abbots_puzzle,openai/gpt-5.4-mini,CPMpy,unsound,qwen/qwen3-8b,reference_free,unsound,yes,"The model allows total bushels exceeding 200 (false positives) due to using >= instead of == in the bushels constraint, but correctly enforces the people count and women-to-men ratio.",2026-06-09T12:07:11
abbots_puzzle,openai/gpt-5.4-mini,CPMpy,unsound-incomplete,anthropic/claude-sonnet-4.6,reference_free,unsound-incomplete,yes,"The candidate uses 'women <= 4*men' instead of 'women == 5*men', which excludes the true solution (men=5, women=25, children=70) since 25 > 20. Additionally, the bushel constraint uses '<= 201' instead of '== 200', allowing many invalid solutions. The model is both unsound (admits false solutions) and incomplete (misses the true solution).",2026-06-09T12:02:31
abbots_puzzle,openai/gpt-5.4-mini,CPMpy,unsound-incomplete,qwen/qwen3-8b,reference_free,unsound-incomplete,yes,The model allows invalid solutions (false positives) by using <= 201 instead of == 200 for bushels and misses valid solutions (false negatives) by restricting women <= 4*men instead of women = 5*men.,2026-06-09T12:08:20
abbots_puzzle,openai/gpt-5.4-mini,minizinc,equivalent,anthropic/claude-sonnet-4.6,reference_free,non-executable,no,"In MiniZinc, multiplying an integer decision variable by the float literal 0.5 causes a type error because the variables are declared as `var int` but 0.5 is a float, requiring either float variables or a rewrite such as `children mod 2 = 0` and `children = 2*k`. This mixing of int vars with float coefficients will typically produce a type/compile error in standard MiniZinc. However, some solvers/versions may coerce; given strict MiniZinc semantics this is non-executable.",2026-06-09T12:00:46
abbots_puzzle,openai/gpt-5.4-mini,minizinc,equivalent,qwen/qwen3-8b,reference_free,equivalent,yes,"The model correctly captures all problem constraints: women = 5*men, total people = 100, and total bushels = 100. It finds the unique valid solution (5 men, 25 women, 70 children) without false positives or negatives.",2026-06-09T12:04:01
abbots_puzzle,openai/gpt-5.4-mini,minizinc,incomplete,anthropic/claude-sonnet-4.6,reference_free,incomplete,yes,"The candidate hardcodes `women == 60` instead of the correct relationship `women == 5 * men`. With women=60, the bushe constraint becomes 6*men + children = -40, which is infeasible, so no solutions are found while the intended solution (men=5, women=25, children=70) is missed.",2026-06-09T12:01:10
abbots_puzzle,openai/gpt-5.4-mini,minizinc,incomplete,qwen/qwen3-8b,reference_free,incomplete,yes,"The model fixes women=60 instead of enforcing women=5*men, missing the correct solution. It has no valid solutions due to conflicting constraints, thus failing to find the intended answer.",2026-06-09T12:05:19
abbots_puzzle,openai/gpt-5.4-mini,minizinc,non-executable,anthropic/claude-sonnet-4.6,reference_free,equivalent,no,"The model correctly encodes all constraints; the unique valid solution (men=5, women=25, children=70) satisfies all constraints including the extra all_different which is not required but happens to hold. Integer division on children=70 (even) produces the correct result, making the model functionally equivalent for this problem.",2026-06-09T12:01:41
abbots_puzzle,openai/gpt-5.4-mini,minizinc,non-executable,qwen/qwen3-8b,reference_free,equivalent,no,"The model correctly captures all problem constraints: total people, women = 5*men, bushels distribution, and the unique solution (5,25,70) satisfies all conditions. The all_different constraint is redundant but does not affect correctness in this case.",2026-06-09T12:06:42
abbots_puzzle,openai/gpt-5.4-mini,minizinc,unsound,anthropic/claude-sonnet-4.6,reference_free,unsound,yes,"The corn constraint is incorrectly formulated as `2*men + women + 2*children <= 200` instead of the correct `6*men + 4*women + children = 200` (which is `3*men + 2*women + 0.5*children = 100` multiplied by 2). This allows many invalid solutions to satisfy the model, making it unsound. The intended solution (men=5, women=25, children=70) does pass, so there are no false negatives.",2026-06-09T12:00:59
abbots_puzzle,openai/gpt-5.4-mini,minizinc,unsound,qwen/qwen3-8b,reference_free,unsound-incomplete,no,"The model incorrectly represents the corn distribution constraint (uses 2*men + women + 2*children <= 200 instead of 3*men + 2*women + 0.5*children = 100), allowing invalid solutions (unsound). It also misses the correct equality constraint for total corn, leading to potential false negatives (incomplete).",2026-06-09T12:04:21
abbots_puzzle,openai/gpt-5.4-mini,minizinc,unsound-incomplete,anthropic/claude-sonnet-4.6,reference_free,unsound-incomplete,yes,"The constraint `children mod 4 = 0` incorrectly eliminates the valid solution (men=5, women=25, children=70) since 70 mod 4 = 2, making it incomplete. The constraint `men + women + children <= 101` instead of `= 100` allows invalid solutions with totals other than 100, making it unsound.",2026-06-09T12:01:26
abbots_puzzle,openai/gpt-5.4-mini,minizinc,unsound-incomplete,qwen/qwen3-8b,reference_free,unsound-incomplete,yes,"The model allows more than 100 people (<=101) and restricts children to multiples of 4 instead of even numbers, leading to both false positives and false negatives.",2026-06-09T12:05:48
abbots_puzzle,openai/gpt-5.4-mini,pyCSP3,equivalent,anthropic/claude-sonnet-4.6,reference_free,equivalent,yes,"The candidate correctly encodes all three constraints: total people sum to 100, total bushels constraint (multiplied by 2 to avoid fractions: 6m+4w+c=200 is equivalent to 3m+2w+0.5c=100), and the ratio constraint women=5*men. The model will find exactly the intended solution (5 men, 25 women, 70 children).",2026-06-09T12:03:04
abbots_puzzle,openai/gpt-5.4-mini,pyCSP3,equivalent,qwen/qwen3-8b,reference_free,equivalent,yes,"The constraints correctly model the problem's equations (total people, total bushels, and women-to-men ratio). The solution (5 men, 25 women, 70 children) satisfies all constraints and is the only valid solution.",2026-06-09T12:09:24
abbots_puzzle,openai/gpt-5.4-mini,pyCSP3,incomplete,anthropic/claude-sonnet-4.6,reference_free,incomplete,yes,"The constraint `men % 2 == 0` incorrectly forces men to be even, which excludes the unique valid solution (men=5, women=25, children=70) since 5 is odd. Additionally, `children // 2` uses integer division which could introduce unsoundness for odd children values, but since the correct solution has even children (70), the primary issue is the parity constraint on men filtering out valid solutions.",2026-06-09T12:03:28
abbots_puzzle,openai/gpt-5.4-mini,pyCSP3,incomplete,qwen/qwen3-8b,reference_free,incomplete,yes,"The model correctly enforces the total people and bushels constraints, and the women-to-men ratio. However, it erroneously adds a constraint that men must be even, which excludes the valid solution (5 men, 25 women, 70 children).",2026-06-09T12:10:52
abbots_puzzle,openai/gpt-5.4-mini,pyCSP3,non-executable,anthropic/claude-sonnet-4.6,reference_free,non-executable,yes,"The first `Var()` call includes both `dom=range(101)` and `domain=range(101)`, where `domain` is not a valid keyword argument for pyCSP3's `Var` constructor, causing a TypeError at runtime. Additionally, `children / 2` in integer CSP arithmetic may not correctly model the 0.5 bushel per child constraint.",2026-06-09T12:02:53
abbots_puzzle,openai/gpt-5.4-mini,pyCSP3,non-executable,qwen/qwen3-8b,reference_free,equivalent,no,"The candidate model correctly captures all constraints: total people, women being five times men, and bushel distribution. The equations are semantically equivalent to the problem description.",2026-06-09T12:09:00
abbots_puzzle,openai/gpt-5.4-mini,pyCSP3,unsound,anthropic/claude-sonnet-4.6,reference_free,unsound,yes,"The corn distribution constraint uses <= 200 instead of == 200 (equivalent to 3*men + 2*women + 0.5*children = 100), allowing solutions where fewer than 100 bushels are distributed. This admits false positives, making the model unsound.",2026-06-09T12:03:14
abbots_puzzle,openai/gpt-5.4-mini,pyCSP3,unsound,qwen/qwen3-8b,reference_free,unsound,yes,"The model allows invalid solutions by using <= instead of == for the bushels constraint, permitting total bushels less than 100. It correctly captures the people count and women-to-men ratio, so no valid solutions are missed.",2026-06-09T12:09:53
abbots_puzzle,openai/gpt-5.4-mini,pyCSP3,unsound-incomplete,anthropic/claude-sonnet-4.6,reference_free,unsound-incomplete,yes,"The bushel constraint uses `>= 199` instead of the correct equality `6*men + 4*women + children == 200` (after scaling), making it too permissive (unsound). The women constraint uses `women == 5*men + 1` instead of `women == 5*men`, which excludes the correct solution (men=8, women=40, children=52) and may introduce wrong solutions (incomplete). Both errors are present simultaneously.",2026-06-09T12:03:41
abbots_puzzle,openai/gpt-5.4-mini,pyCSP3,unsound-incomplete,qwen/qwen3-8b,reference_free,unsound-incomplete,yes,"The model allows invalid solutions (e.g., m=14, w=71, c=15) and misses valid solutions (e.g., m=5, w=25, c=70) due to incorrect constraints.",2026-06-09T12:11:35
added_corners,openai/gpt-5.4-mini,CPMpy,equivalent,anthropic/claude-sonnet-4.6,reference_free,equivalent,yes,"The candidate correctly maps the 8 positions to circles (C) and squares (F), applies AllDifferent over digits 1-8, and enforces that each square equals the sum of its adjoining circles with constraints b==a+c, d==a+f, e==c+h, g==f+h. This matches the intended problem semantics.",2026-06-09T12:13:00
added_corners,openai/gpt-5.4-mini,CPMpy,equivalent,qwen/qwen3-8b,reference_free,equivalent,yes,"The candidate model correctly captures all required constraints (AllDifferent and square-sum relationships) for the problem's structure. All squares (b, d, e, g) are properly linked to their adjacent circles, and the solution space is fully covered.",2026-06-09T12:20:46
added_corners,openai/gpt-5.4-mini,CPMpy,incomplete,anthropic/claude-sonnet-4.6,reference_free,equivalent,no,"The constraints correctly model each square as the sum of its adjoining circles, AllDifferent ensures digits 1-8 are used exactly once, and the symmetry-breaking constraint a<c selects the canonical solution. The variable mapping to reading-order positions appears consistent with the grid layout.",2026-06-09T12:13:33
added_corners,openai/gpt-5.4-mini,CPMpy,incomplete,qwen/qwen3-8b,reference_free,incomplete,yes,"The model includes an extra constraint (a < c) not mentioned in the problem, potentially excluding valid solutions. It correctly enforces square-sum constraints but misses other required relationships.",2026-06-09T12:25:11
added_corners,openai/gpt-5.4-mini,CPMpy,non-executable,anthropic/claude-sonnet-4.6,reference_free,non-executable,yes,"The code references variable `x` which is never defined, causing a NameError at runtime. This makes the model non-executable regardless of whether the other constraints are correct.",2026-06-09T12:13:51
added_corners,openai/gpt-5.4-mini,CPMpy,non-executable,qwen/qwen3-8b,reference_free,non-executable,yes,"The model contains an undefined variable 'x' in the constraint x == a + b, leading to a syntax error.",2026-06-09T12:26:01
added_corners,openai/gpt-5.4-mini,CPMpy,unsound,anthropic/claude-sonnet-4.6,reference_free,unsound,yes,"Let me analyze this problem carefully.

## Problem Analysis

The puzzle has a grid pattern with circles (C) and squares (F/frames):
```
C F C
F   F
C F C
```

Reading left-to-right, top-to-bottom, the 8 positions are:
- pos 0 (C), pos 1 (F), pos 2 (C)
- pos 3 (F),           pos 4 (F)
- pos 5 (C), po",2026-06-09T12:13:18
added_corners,openai/gpt-5.4-mini,CPMpy,unsound,qwen/qwen3-8b,reference_free,unsound-incomplete,no,"The model allows invalid solutions (e.g., duplicate values in squares) and misses valid solutions by not enforcing uniqueness for all positions. It also has incorrect constraints for square e (e = c + h) if the structure requires different adjacents.",2026-06-09T12:22:53
added_corners,openai/gpt-5.4-mini,CPMpy,unsound-incomplete,anthropic/claude-sonnet-4.6,reference_free,unsound-incomplete,yes,"The constraint `g <= f + h` should be `g == f + h`, allowing invalid solutions where g is less than the sum of adjoining circles (unsound). Additionally, `d % 2 == 0` is an unjustified extra constraint that eliminates valid solutions where d is odd (incomplete).",2026-06-09T12:13:44
added_corners,openai/gpt-5.4-mini,CPMpy,unsound-incomplete,qwen/qwen3-8b,reference_free,unsound-incomplete,yes,The model allows invalid solutions via g <= f + h (false positives) and misses valid solutions via d % 2 == 0 (false negatives).,2026-06-09T12:25:40
added_corners,openai/gpt-5.4-mini,minizinc,equivalent,anthropic/claude-sonnet-4.6,reference_free,equivalent,yes,"The grid has 4 squares (positions 2,4,5,7) and 4 circles (positions 1,3,6,8), and each square constraint correctly sums its two adjacent circles. The all_different constraint with domain 1..8 over 8 variables ensures a permutation of digits 1-8, matching the problem requirements exactly.",2026-06-09T12:11:46
added_corners,openai/gpt-5.4-mini,minizinc,equivalent,qwen/qwen3-8b,reference_free,equivalent,yes,The model correctly enforces all square-sum constraints and ensures all positions are distinct. It matches the intended structure and semantics.,2026-06-09T12:15:48
added_corners,openai/gpt-5.4-mini,minizinc,incomplete,anthropic/claude-sonnet-4.6,reference_free,incomplete,yes,"The four sum constraints correctly model the puzzle, but the extra constraint `positions[2] < positions[4]` is an arbitrary symmetry-breaking condition not specified in the problem. If multiple valid solutions exist that differ only in this ordering, this constraint would eliminate valid ones, making the model incomplete.",2026-06-09T12:12:26
added_corners,openai/gpt-5.4-mini,minizinc,incomplete,qwen/qwen3-8b,reference_free,incomplete,yes,The model correctly enforces sum constraints for squares but adds an unnecessary constraint (positions[2] < positions[4]) that excludes valid solutions where this inequality does not hold. No invalid solutions are allowed.,2026-06-09T12:18:01
added_corners,openai/gpt-5.4-mini,minizinc,non-executable,anthropic/claude-sonnet-4.6,reference_free,unsound-incomplete,no,"The candidate incorrectly models the left square (pos[4]) as pos[1]+pos[3] instead of pos[1]+pos[6], and the right square (pos[5]) as pos[3]+pos[6] instead of pos[3]+pos[8]. These wrong adjacency constraints cause both false positives (solutions satisfying wrong constraints but not correct ones) and false negatives (valid solutions excluded by the wrong constraints).",2026-06-09T12:12:47
added_corners,openai/gpt-5.4-mini,minizinc,non-executable,qwen/qwen3-8b,reference_free,unsound-incomplete,no,"The candidate model incorrectly enforces pos[4] = pos[1] + pos[3] instead of pos[4] = pos[1] + pos[6], allowing invalid solutions. It also misses the correct constraint for pos[4], leading to false negatives.",2026-06-09T12:20:12
added_corners,openai/gpt-5.4-mini,minizinc,unsound,anthropic/claude-sonnet-4.6,reference_free,unsound,yes,"I need to analyze this puzzle about circles (C) and squares (F) arranged in a pattern.

## Step 1: Understand the Layout

The pattern shown is:
```
C F C
F   F
C F C
```

Reading left-to-right, top-to-bottom, positions 1-8 (skipping center which is empty):
- Position 1: C (circle)
- Position 2: F (s",2026-06-09T12:12:06
added_corners,openai/gpt-5.4-mini,minizinc,unsound,qwen/qwen3-8b,reference_free,unsound,yes,The model allows values 9 in positions (var 1..9) which are invalid as the problem requires digits 1-8. This introduces false positives.,2026-06-09T12:17:13
added_corners,openai/gpt-5.4-mini,minizinc,unsound-incomplete,anthropic/claude-sonnet-4.6,reference_free,unsound-incomplete,yes,"The constraint `b >= a + c` should be `b = a + c`, allowing invalid solutions where b exceeds the sum of adjoining circles (unsound). Additionally, the symmetry-breaking constraints `a < c` and `c < f` eliminate valid solutions that don't satisfy these orderings, making it incomplete as well.",2026-06-09T12:12:37
added_corners,openai/gpt-5.4-mini,minizinc,unsound-incomplete,qwen/qwen3-8b,reference_free,unsound-incomplete,yes,"The model allows invalid solutions (e.g., b >= a + c instead of equality) and misses constraints for some squares. Additional constraints like a < c and c < f may exclude valid solutions.",2026-06-09T12:18:59
added_corners,openai/gpt-5.4-mini,pyCSP3,incomplete,anthropic/claude-sonnet-4.6,reference_free,unsound-incomplete,no,"The adjacency constraints are incorrect (e.g., positions[3] should equal positions[0]+positions[5] not positions[2]+positions[4]), and the self-referential constraint positions[7]==positions[6]+positions[7] forces positions[6]==0 which is outside the domain, making the model unsatisfiable (no valid solutions found) while also permitting structurally wrong assignments.",2026-06-09T12:14:39
added_corners,openai/gpt-5.4-mini,pyCSP3,incomplete,qwen/qwen3-8b,reference_free,unsound,no,"The constraint positions[7] == positions[6] + positions[7] implies positions[6] = 0, which is invalid since numbers must be 1-8. This allows impossible solutions.",2026-06-09T12:27:38
added_corners,openai/gpt-5.4-mini,pyCSP3,non-executable,anthropic/claude-sonnet-4.6,reference_free,unsound-incomplete,no,"The candidate models a ring/cycle topology (each square sums two consecutive circles in a cycle) rather than the 3x3 grid topology where each edge square sums its two adjacent corner circles. This produces different valid solutions than the intended model, allowing invalid grid solutions while missing valid ones.",2026-06-09T12:14:08
added_corners,openai/gpt-5.4-mini,pyCSP3,non-executable,qwen/qwen3-8b,reference_free,equivalent,no,"The candidate correctly models the constraints: All positions are unique (AllDifferent), and each square (positions 1,3,5,7) equals the sum of its adjacent circles. The structure and equations match the problem's requirements.",2026-06-09T12:26:26
added_corners,openai/gpt-5.4-mini,pyCSP3,unsound-incomplete,anthropic/claude-sonnet-4.6,reference_free,unsound-incomplete,yes,"The candidate misidentifies the positions in two square-sum constraints: pos[3] should equal pos[0]+pos[5] (not pos[0]+pos[6]), and pos[6] should equal pos[5]+pos[7] (not pos[5]=pos[6]+pos[7]). These errors cause the model to enforce wrong relationships, producing both false positives (invalid solutions satisfying wrong constraints) and false negatives (valid solutions rejected by wrong constraints).",2026-06-09T12:14:23
added_corners,openai/gpt-5.4-mini,pyCSP3,unsound-incomplete,qwen/qwen3-8b,reference_free,unsound-incomplete,yes,"The model includes an invalid constraint for a circle (position 5) and incorrectly models constraints for squares (positions 3 and 4), allowing false positives. It also misses required constraints for other squares, leading to false negatives.",2026-06-09T12:27:09
age_changing,openai/gpt-5.4-mini,CPMpy,equivalent,anthropic/claude-sonnet-4.6,reference_free,equivalent,yes,"I'll analyze this candidate model step by step.

**1. Executability Check:**
The model uses CPMpy syntax correctly. The `op_constraints` function returns a list of implications, and these are nested inside list comprehensions within the Model constructor. CPMpy accepts nested lists of constraints, s",2026-06-09T13:14:24
age_changing,openai/gpt-5.4-mini,CPMpy,equivalent,qwen/qwen3-8b,reference_free,equivalent,yes,"The model correctly captures the problem's constraints: permutations of operations applied in both directions with different orders, ensuring valid integer results and unique solutions.",2026-06-09T13:19:35
age_changing,openai/gpt-5.4-mini,CPMpy,incomplete,anthropic/claude-sonnet-4.6,reference_free,incomplete,yes,"The constraint `perm1[0] == 0` artificially fixes the first operation applied (starting from wife's age) to be '+2', which is not required by the problem. This eliminates valid solutions where other operations come first in perm1, making the model incomplete.",2026-06-09T13:14:56
age_changing,openai/gpt-5.4-mini,CPMpy,incomplete,qwen/qwen3-8b,reference_free,incomplete,yes,"The model incorrectly fixes perm1[0] == 0, restricting the first operation to always be +2. This misses valid permutations where the first operation differs, leading to false negatives.",2026-06-09T13:21:42
age_changing,openai/gpt-5.4-mini,CPMpy,non-executable,anthropic/claude-sonnet-4.6,reference_free,non-executable,yes,"The constraint `m < husband` references an undefined variable `husband`; the husband's age variable is named `h`, not `husband`. This causes a NameError at runtime, making the model non-executable.",2026-06-09T13:14:59
age_changing,openai/gpt-5.4-mini,CPMpy,non-executable,qwen/qwen3-8b,reference_free,non-executable,yes,"The constraint 'm < husband' references an undefined variable 'husband', causing a syntax error. The code cannot execute due to this invalid reference.",2026-06-09T13:22:09
age_changing,openai/gpt-5.4-mini,CPMpy,unsound,anthropic/claude-sonnet-4.6,reference_free,unsound,yes,"I need to analyze this candidate model carefully.

## Step 1: Check Executability

The syntax looks valid for CPMpy. The `check` function returns constraints using `implies`, `AllDifferent` is used correctly, `intvar` with shape is valid. The list comprehension nesting might be an issue but CPMpy ty",2026-06-09T13:14:38
age_changing,openai/gpt-5.4-mini,CPMpy,unsound,qwen/qwen3-8b,reference_free,incomplete,no,"The model restricts m and h to 16-120, potentially missing valid solutions outside this range. The operations are correctly modeled with constraints, but the age bounds are not part of the problem's intended constraints.",2026-06-09T13:20:29
age_changing,openai/gpt-5.4-mini,CPMpy,unsound-incomplete,anthropic/claude-sonnet-4.6,reference_free,unsound,no,"The model sets m_state[0]=m and m_state[n]=m (and similarly h_state[0]=h, h_state[n]=h), meaning each sequence must return to the starting age (a cycle), rather than m transforming to h via perm1 and h transforming to m via perm2. The correct constraints should have m_state[n]==h and h_state[n]==m.",2026-06-09T13:14:11
age_changing,openai/gpt-5.4-mini,CPMpy,unsound-incomplete,qwen/qwen3-8b,reference_free,unsound,no,"The model incorrectly enforces m_state[n] == m and h_state[0] == h, implying applying operations leaves ages unchanged. This allows invalid solutions where m=h, violating the problem's requirement that operations transform m to h and vice versa.",2026-06-09T13:19:11
age_changing,openai/gpt-5.4-mini,minizinc,equivalent,anthropic/claude-sonnet-4.6,reference_free,equivalent,yes,"I need to analyze this candidate model for correctness.

**Step 1: Check executability**
The MiniZinc syntax looks valid. The model uses `include ""globals.mzn""`, `all_different`, `var` declarations, and standard constraints. The implications with `->` in MiniZinc work as logical implications. This s",2026-06-09T13:13:12
age_changing,openai/gpt-5.4-mini,minizinc,equivalent,qwen/qwen3-8b,reference_free,unsound,no,"The model allows non-integer intermediate steps during operations (e.g., division by 8 not being exact), which would produce invalid ages. It correctly enforces permutation constraints but misses integer validity checks for operations.",2026-06-09T13:16:47
age_changing,openai/gpt-5.4-mini,minizinc,incomplete,anthropic/claude-sonnet-4.6,reference_free,unsound-incomplete,no,"I need to analyze this candidate MiniZinc model carefully.

## Step 1: Check Executability
The syntax looks valid MiniZinc. Arrays, constraints, and output are properly formed. It should execute.

## Step 2: Intended Semantics
- Start with age `m`, apply operations {+2, /8, -3, *7} in some order (pe",2026-06-09T13:12:50
age_changing,openai/gpt-5.4-mini,minizinc,incomplete,qwen/qwen3-8b,reference_free,incomplete,yes,"The model fixes the first operation in both permutations to +2 (perm1[1]=0 and perm2[1]=0), which restricts valid solutions where the operations differ in the first step. This misses valid permutations that satisfy the problem's requirements.",2026-06-09T13:16:17
age_changing,openai/gpt-5.4-mini,minizinc,non-executable,anthropic/claude-sonnet-4.6,reference_free,non-executable,yes,"Variables `m` and `h` are declared as `int` (parameters) rather than `var int`, so they have no domain and are uninitialized, causing a MiniZinc runtime/compile error. Additionally, `x` and `y` are declared as `var` but never used or constrained, and the model hardcodes specific operation orderings rather than searching over permutations.",2026-06-09T13:13:56
age_changing,openai/gpt-5.4-mini,minizinc,non-executable,qwen/qwen3-8b,reference_free,incomplete,no,"The model fixes the order of operations in the array, missing valid permutations. It only checks two specific operation sequences, not all possible permutations required by the problem.",2026-06-09T13:18:15
age_changing,openai/gpt-5.4-mini,minizinc,unsound,anthropic/claude-sonnet-4.6,reference_free,unsound,yes,"I need to analyze this MiniZinc model carefully.

**Executability Check:**
The syntax looks valid for MiniZinc. The model uses standard constraints and arrays.

**Intended Semantics:**
- Start with age `m`, apply 4 operations (+2, /8, -3, *7) in some order (perm1) to get `h`
- Start with `h`, apply ",2026-06-09T13:13:26
age_changing,openai/gpt-5.4-mini,minizinc,unsound,qwen/qwen3-8b,reference_free,unsound,yes,"The model allows invalid solutions where operations are not used exactly once, violating the problem's requirement of applying all four operations. It lacks constraints to enforce permutation uniqueness.",2026-06-09T13:17:25
age_changing,openai/gpt-5.4-mini,minizinc,unsound-incomplete,anthropic/claude-sonnet-4.6,reference_free,incomplete,no,"I need to analyze this candidate model carefully.

**Executability Check:**
The MiniZinc syntax looks mostly valid. Arrays are indexed correctly, `alldifferent` is included. However, there's an issue: `array[0..n] of var 1..1000` — MiniZinc supports 0-based array indexing, so this should be fine syn",2026-06-09T13:13:42
age_changing,openai/gpt-5.4-mini,minizinc,unsound-incomplete,qwen/qwen3-8b,reference_free,incomplete,no,"The model incorrectly models the /8 operation by checking divisibility (mod 8 = 0) but does not apply the division. This misses the actual transformation required, leading to incomplete constraints.",2026-06-09T13:17:55
age_changing,openai/gpt-5.4-mini,pyCSP3,equivalent,anthropic/claude-sonnet-4.6,reference_free,equivalent,yes,"I need to analyze this candidate model for correctness.

## Step 1: Check Executability

The pyCSP3 syntax looks valid. `Var`, `VarArray`, `satisfy`, `AllDifferent`, `If/Then` are standard pyCSP3 constructs. The model should be executable.

## Step 2: Intended Semantics

- Start with age `m`, apply ",2026-06-09T13:15:35
age_changing,openai/gpt-5.4-mini,pyCSP3,equivalent,qwen/qwen3-8b,reference_free,equivalent,yes,"The model correctly captures the problem's constraints: permutations of operations, correct mapping of operations to constraints, and ensures valid age transformations. No false positives or negatives are introduced.",2026-06-09T13:23:23
age_changing,openai/gpt-5.4-mini,pyCSP3,incomplete,anthropic/claude-sonnet-4.6,reference_free,unsound,no,"The candidate hardcodes specific values (m=48, h=53) without deriving them from the stated constraints about applying the four operations (+2, /8, -3, *7) in some order. While these hardcoded values may or may not be correct, the model does not actually model the permutation-of-operations constraint, meaning it could miss the correct solution or assert an incorrect one without verification. Additionally, the constraint m < h is assumed without justification from the problem, potentially missing valid solutions where m > h.",2026-06-09T13:15:53
age_changing,openai/gpt-5.4-mini,pyCSP3,incomplete,qwen/qwen3-8b,reference_free,equivalent,no,"The candidate model correctly identifies the unique solution (48, 53) that satisfies both conditions of the problem. While it hardcodes the values, it aligns with the intended semantics as no other valid solutions exist.",2026-06-09T13:27:28
age_changing,openai/gpt-5.4-mini,pyCSP3,non-executable,anthropic/claude-sonnet-4.6,reference_free,non-executable,yes,"The model attempts to use CP variables (o1[i], o2[i]) as Python list indices, which is not valid - list indexing requires integers, not CP variable objects, causing a runtime TypeError. Additionally, the constraints incorrectly model self-loops (m→m and h→h) rather than m→h and h→m.",2026-06-09T13:15:12
age_changing,openai/gpt-5.4-mini,pyCSP3,non-executable,qwen/qwen3-8b,reference_free,unsound,no,Allows invalid solutions where operation sequences are the same (false positives) and does not enforce integer results from operations.,2026-06-09T13:22:46
age_changing,openai/gpt-5.4-mini,pyCSP3,unsound-incomplete,anthropic/claude-sonnet-4.6,reference_free,unsound-incomplete,yes,"Let me analyze this problem carefully.

**Problem Description:**
- Start with wife's age `m`, apply operations `+2, /8, -3, *7` in some order → get husband's age `h`
- Start with husband's age `h`, apply same four operations in a different order → get wife's age `m`
- Find both ages (integers, presu",2026-06-09T13:15:49
age_changing,openai/gpt-5.4-mini,pyCSP3,unsound-incomplete,qwen/qwen3-8b,reference_free,unsound,no,"The model's constraint 56*(m+2) == 8*(h+3) simplifies to h = 7m + 11. This equation does not capture the required relationship between m and h derived from applying the four operations in valid orders. It allows solutions (like m=11, h=88) that do not satisfy the problem's conditions, making it unsound.",2026-06-09T13:25:47
ages_of_the_sons,openai/gpt-5.4-mini,CPMpy,equivalent,anthropic/claude-sonnet-4.6,reference_free,equivalent,yes,"The candidate correctly encodes all three puzzle constraints: product=36, existence of another solution with the same sum (explaining mathematician's uncertainty), and strict inequality A1>A2 (unique oldest from the blue-eyes clue). This uniquely identifies the solution (9,2,2).",2026-06-09T12:59:12
ages_of_the_sons,openai/gpt-5.4-mini,CPMpy,equivalent,qwen/qwen3-8b,reference_free,unsound-incomplete,no,"{""label"": ""equivalent"", ""confidence"": 0.9, ""rationale"": ""The model correctly captures the constraints of the problem: product 36, unique oldest son (A1 > A2), and sum ambiguity through B variables. The final solution aligns with the classic puzzle's answer (9,2,2).""}

Wait, after re-evaluating, the ",2026-06-09T13:06:49
ages_of_the_sons,openai/gpt-5.4-mini,CPMpy,incomplete,anthropic/claude-sonnet-4.6,reference_free,unsound-incomplete,no,"The constraint `A3 >= 3` incorrectly excludes the intended answer (9,2,2) where A3=2. Additionally, `A1 != B1` doesn't properly encode that the alternative solution must have a tie for the oldest age; it merely requires a different oldest age value, allowing spurious pairings. These errors produce both false positives and false negatives.",2026-06-09T12:59:33
ages_of_the_sons,openai/gpt-5.4-mini,CPMpy,incomplete,qwen/qwen3-8b,reference_free,incomplete,yes,"The model incorrectly adds A3 >= 3, excluding valid solutions like (9,2,2). It misses the correct triplet due to this constraint, making it incomplete.",2026-06-09T13:07:40
ages_of_the_sons,openai/gpt-5.4-mini,CPMpy,non-executable,anthropic/claude-sonnet-4.6,reference_free,non-executable,yes,"The Model([...]) call is missing its closing bracket/parenthesis before 'model.solve()', causing a SyntaxError that prevents execution.",2026-06-09T12:59:36
ages_of_the_sons,openai/gpt-5.4-mini,CPMpy,non-executable,qwen/qwen3-8b,reference_free,non-executable,yes,"The candidate code contains a syntax error (missing closing parenthesis in the model constraints), making it syntactically invalid and unable to execute.",2026-06-09T13:08:01
ages_of_the_sons,openai/gpt-5.4-mini,CPMpy,unsound,anthropic/claude-sonnet-4.6,reference_free,unsound,yes,"The model uses A1 >= A2 which allows the solution (6,6,1) that the puzzle rules out via the 'oldest son' clue (implying a unique oldest). The correct constraint should be A1 > A2 to eliminate the tie case, making the only valid answer (9,2,2). As written, the solver may return the invalid solution.",2026-06-09T12:58:58
ages_of_the_sons,openai/gpt-5.4-mini,CPMpy,unsound,qwen/qwen3-8b,reference_free,unsound,yes,"The model fixes the sum to 13, which is correct, but allows (6,6,1) as a solution. The third clue (unique oldest son) is missing, enabling invalid solutions like (6,6,1) where there's no unique oldest.",2026-06-09T13:05:32
ages_of_the_sons,openai/gpt-5.4-mini,CPMpy,unsound-incomplete,anthropic/claude-sonnet-4.6,reference_free,incomplete,no,"The candidate hardcodes sum=11, selecting the triple (6,3,2), but the correct answer from the puzzle logic is (9,2,2) with sum=13. The sum=13 is the ambiguous case (shared by both 9,2,2 and 6,6,1) that requires the 'oldest son' clue to resolve; sum=11 is unambiguous and would have been solved without the third clue. The candidate thus misses the intended valid solution.",2026-06-09T12:58:43
ages_of_the_sons,openai/gpt-5.4-mini,CPMpy,unsound-incomplete,qwen/qwen3-8b,reference_free,incomplete,no,"The model fixes the sum to 11, which is not ambiguous and misses the correct solution (9,2,2). It fails to capture the intended logic where the sum must be ambiguous to require the final clue.",2026-06-09T13:04:40
ages_of_the_sons,openai/gpt-5.4-mini,minizinc,equivalent,anthropic/claude-sonnet-4.6,reference_free,equivalent,yes,"I need to analyze this classic puzzle and compare the candidate model to the intended solution.

## Puzzle Analysis

The intended reasoning:
1. Product of ages = 36
2. The mathematician couldn't determine ages from the sum alone → multiple factorizations share the same sum
3. ""Oldest son"" (singular,",2026-06-09T12:57:22
ages_of_the_sons,openai/gpt-5.4-mini,minizinc,equivalent,qwen/qwen3-8b,reference_free,unsound,no,The model incorrectly introduces B variables and constraints not present in the problem. It allows invalid solutions by adding redundant constraints and misrepresenting the sum as three variables rather than a single value.,2026-06-09T13:01:21
ages_of_the_sons,openai/gpt-5.4-mini,minizinc,incomplete,anthropic/claude-sonnet-4.6,reference_free,incomplete,yes,"The candidate hardcodes AS=9 instead of the correct AS=13, causing the solution to look for age combinations summing to 9. Since no second combination of factors of 36 sums to 9 (needed to satisfy the B-constraints modeling ambiguity), the model yields no solution, missing the correct answer [9,2,2].",2026-06-09T12:58:19
ages_of_the_sons,openai/gpt-5.4-mini,minizinc,incomplete,qwen/qwen3-8b,reference_free,incomplete,yes,"The model fixes the sum to 9, but the correct sum is 13. It also introduces irrelevant B variables and constraints, missing valid solutions.",2026-06-09T13:03:25
ages_of_the_sons,openai/gpt-5.4-mini,minizinc,non-executable,anthropic/claude-sonnet-4.6,reference_free,non-executable,yes,"The variable `sum_ages` is referenced in the constraint `A1 + A2 + A3 = sum_ages` but is never declared or defined anywhere in the model, causing a compilation error. The model is syntactically invalid due to this undefined identifier.",2026-06-09T12:58:29
ages_of_the_sons,openai/gpt-5.4-mini,minizinc,non-executable,qwen/qwen3-8b,reference_free,non-executable,yes,"The model references an undefined variable 'sum_ages' in the constraint, making it syntactically invalid and non-executable.",2026-06-09T13:03:36
ages_of_the_sons,openai/gpt-5.4-mini,minizinc,unsound,anthropic/claude-sonnet-4.6,reference_free,unsound,yes,"The candidate uses `AS >= BS` instead of `AS == BS` to model the ambiguity condition, which is weaker and may permit solutions where A's sum doesn't equal B's sum, producing false positives. The intended logic requires the same window count (equal sums) to explain why the mathematician needed more information. Additionally, `B1 >= B2` is not strict, which may not fully enforce the 'no unique oldest' condition for the B solution.",2026-06-09T12:57:46
ages_of_the_sons,openai/gpt-5.4-mini,minizinc,unsound,qwen/qwen3-8b,reference_free,incomplete,no,"The candidate model lacks constraints to enforce the sum ambiguity required by the second clue, leading to missing valid solutions where multiple triplets share the same sum.",2026-06-09T13:02:01
ages_of_the_sons,openai/gpt-5.4-mini,minizinc,unsound-incomplete,anthropic/claude-sonnet-4.6,reference_free,unsound,no,"The candidate uses `A1 mod 2 = 0` to select between the two sum-tied factorizations, but this incorrectly picks (6,6,1) instead of (9,2,2). The correct constraint should enforce a unique oldest son via strict inequality A1 > A2, but instead the even-modulo constraint selects the wrong solution, producing a false positive.",2026-06-09T12:58:01
ages_of_the_sons,openai/gpt-5.4-mini,minizinc,unsound-incomplete,qwen/qwen3-8b,reference_free,unsound-incomplete,yes,"The model incorrectly adds constraints (A1 mod 2 = 0, B variables) not in the problem, leading to invalid solutions. It also misses the correct solution (2,2,9) due to the mod constraint.",2026-06-09T13:02:40
ages_of_the_sons,openai/gpt-5.4-mini,pyCSP3,equivalent,anthropic/claude-sonnet-4.6,reference_free,equivalent,yes,"The candidate correctly models the puzzle's key insight: there must exist another triple (B) with the same sum as the answer triple (A), creating ambiguity, and the 'unique oldest' clue (A1 > A2 = A3) resolves it. This yields the correct answer (9,2,2). The pyCSP3 syntax appears valid including the nonlinear product constraint.",2026-06-09T13:00:35
ages_of_the_sons,openai/gpt-5.4-mini,pyCSP3,equivalent,qwen/qwen3-8b,reference_free,equivalent,yes,"The candidate model correctly captures the product constraint (36), the sum constraint (s), and the uniqueness of the oldest son (A1 > A2 and A2 == A3). The B variables and Or constraint ensure multiple combinations for the sum s, aligning with the problem's ambiguity resolution.",2026-06-09T13:11:23
ages_of_the_sons,openai/gpt-5.4-mini,pyCSP3,incomplete,anthropic/claude-sonnet-4.6,reference_free,unsound-incomplete,no,"The candidate hardcodes the sum as 10 (correct value is 13, the only sum shared by two factorizations), which is incorrect. Additionally, the constraint A2 != A3 is the wrong disambiguation condition — the puzzle's final clue means there is a unique oldest, so A1 > A2 should be enforced, not A2 != A3. These errors cause the model to miss the correct solution (9,2,2) and potentially admit no solutions or wrong ones.",2026-06-09T13:00:54
ages_of_the_sons,openai/gpt-5.4-mini,pyCSP3,incomplete,qwen/qwen3-8b,reference_free,incomplete,yes,"The model fixes the sum to 10, which excludes the correct triplet (2,2,9) and other valid solutions. It also incorrectly enforces A2 != A3, eliminating valid age combinations like (3,3,4).",2026-06-09T13:12:33
ages_of_the_sons,openai/gpt-5.4-mini,pyCSP3,non-executable,anthropic/claude-sonnet-4.6,reference_free,non-executable,yes,"The variable `window_count` is used in a constraint but never defined, causing a NameError at runtime. Additionally, the model lacks the constraint enforcing a unique oldest son (A1 > A2), which is essential to derive the unique solution (9,2,2).",2026-06-09T12:59:48
ages_of_the_sons,openai/gpt-5.4-mini,pyCSP3,non-executable,qwen/qwen3-8b,reference_free,non-executable,yes,"The variable 'window_count' is used in the constraint but not defined in the model, leading to a syntax error.",2026-06-09T13:08:17
ages_of_the_sons,openai/gpt-5.4-mini,pyCSP3,unsound,anthropic/claude-sonnet-4.6,reference_free,unsound,yes,"I need to analyze this puzzle carefully.

**Puzzle Logic:**
- Product of ages = 36
- All valid factorizations (sorted descending): (36,1,1), (18,2,1), (12,3,1), (9,4,1), (9,2,2), (6,6,1), (6,3,2), (4,3,3)
- The mathematician couldn't determine ages from the sum alone → the sum must be ambiguous (mul",2026-06-09T13:00:06
ages_of_the_sons,openai/gpt-5.4-mini,pyCSP3,unsound,qwen/qwen3-8b,reference_free,equivalent,no,"The model correctly captures the constraints: product 36, sum ambiguity, and unique oldest son. The Or constraint ensures sum is ambiguous, and A1 > A2 enforces a unique oldest.",2026-06-09T13:09:38
ages_of_the_sons,openai/gpt-5.4-mini,pyCSP3,unsound-incomplete,anthropic/claude-sonnet-4.6,reference_free,unsound-incomplete,yes,"The candidate incorrectly constrains the sum to be 10, 11, or 12, whereas the correct reasoning leads to sum=13 (the only ambiguous sum). This causes the model to find wrong solutions like (4,3,3) and (6,3,2) while missing the correct answer (9,2,2), making it both unsound and incomplete.",2026-06-09T13:00:21
ages_of_the_sons,openai/gpt-5.4-mini,pyCSP3,unsound-incomplete,qwen/qwen3-8b,reference_free,incomplete,no,"The candidate model restricts the sum to 10, 11, or 12, excluding the correct sum of 13 which is necessary for the unique solution. It misses valid solutions (false negatives) by omitting the critical sum value.",2026-06-09T13:10:27
aircraft_assignment,openai/gpt-5.4-mini,CPMpy,equivalent,anthropic/claude-sonnet-4.6,reference_free,incomplete,no,"The model correctly enforces availability and demand constraints but never uses the costs array and has no minimization objective. It will find a feasible allocation but not necessarily the cost-minimizing one, missing the optimal solution required by the problem.",2026-06-09T13:28:08
aircraft_assignment,openai/gpt-5.4-mini,CPMpy,equivalent,qwen/qwen3-8b,reference_free,non-executable,no,"The code references undefined variables (availability, demand, capabilities, costs) which are not declared or provided, causing a NameError. The model cannot execute without these inputs.",2026-06-09T13:32:07
aircraft_assignment,openai/gpt-5.4-mini,CPMpy,incomplete,anthropic/claude-sonnet-4.6,reference_free,unsound-incomplete,no,"The model is missing a minimization objective for total operational cost, meaning any feasible allocation (not necessarily optimal) is accepted as a solution, making it unsound. Additionally, the upper bound on covered_passengers is set to max(demand), which may be too restrictive when passenger coverage legitimately exceeds this value, potentially excluding valid optimal solutions and making it incomplete.",2026-06-09T13:27:59
aircraft_assignment,openai/gpt-5.4-mini,CPMpy,incomplete,qwen/qwen3-8b,reference_free,non-executable,no,"The code references undefined variables (availability, demand, capabilities, costs) which are not initialized, making it syntactically invalid and non-executable.",2026-06-09T13:31:32
aircraft_assignment,openai/gpt-5.4-mini,CPMpy,non-executable,anthropic/claude-sonnet-4.6,reference_free,non-executable,yes,"The code assigns to `capabilities` but references `capability` (without 's') in the demand constraint, causing a NameError at runtime. Additionally, the `costs` variable is imported but never used, and there is no minimize objective despite the problem requiring cost minimization.",2026-06-09T13:27:42
aircraft_assignment,openai/gpt-5.4-mini,CPMpy,non-executable,qwen/qwen3-8b,reference_free,non-executable,yes,"The code references 'capability' (singular) in constraints but defines 'capabilities' (plural) as an array. This typo causes a runtime error, making the code non-executable.",2026-06-09T13:31:00
aircraft_assignment,openai/gpt-5.4-mini,CPMpy,unsound,anthropic/claude-sonnet-4.6,reference_free,unsound-incomplete,no,"The demand constraint uses total aircraft count with max capacity approximation instead of the correct capacity-weighted sum, allowing allocations that don't actually meet passenger demand (unsound). Additionally, there is no minimization objective set, so the model finds any feasible solution rather than the optimal cost solution (incomplete).",2026-06-09T13:28:25
aircraft_assignment,openai/gpt-5.4-mini,CPMpy,unsound,qwen/qwen3-8b,reference_free,non-executable,no,"The code references undefined variables (capabilities, costs, availability, demand) which are not defined in the provided candidate code, making it syntactically invalid and non-executable.",2026-06-09T13:33:15
aircraft_assignment,openai/gpt-5.4-mini,CPMpy,unsound-incomplete,anthropic/claude-sonnet-4.6,reference_free,unsound-incomplete,yes,"The demand constraint uses `>= 0` instead of `>= demand[r]`, allowing solutions that don't satisfy passenger demand (unsound). The availability constraint uses strict `<` instead of `<=`, excluding valid solutions where all units are used (incomplete). Additionally, there is no objective function to minimize cost.",2026-06-09T13:28:37
aircraft_assignment,openai/gpt-5.4-mini,CPMpy,unsound-incomplete,qwen/qwen3-8b,reference_free,unsound-incomplete,yes,The model lacks demand satisfaction constraints (allowing invalid solutions) and omits the cost minimization objective (missing valid optimal solutions).,2026-06-09T13:33:33
aircraft_assignment,openai/gpt-5.4-mini,minizinc,equivalent,anthropic/claude-sonnet-4.6,reference_free,incomplete,no,"The model uses 'solve satisfy' instead of minimizing total operational cost, so it finds a feasible solution but not necessarily the cost-optimal one, missing valid optimal solutions. The constraint structure (demand and availability) appears correct, but the objective function is absent. This means valid (optimal) solutions can be missed while only returning some feasible allocation.",2026-06-09T13:28:41
aircraft_assignment,openai/gpt-5.4-mini,minizinc,equivalent,qwen/qwen3-8b,reference_free,incomplete,no,"The model correctly enforces capacity and demand constraints but lacks an objective to minimize total operational cost. It uses 'solve satisfy' instead of 'minimize' to find any feasible solution, not the optimal one.",2026-06-09T13:33:48
aircraft_assignment,openai/gpt-5.4-mini,minizinc,incomplete,anthropic/claude-sonnet-4.6,reference_free,unsound-incomplete,no,"The model uses 'solve satisfy' instead of minimizing total cost, so it can return feasible but non-optimal solutions (unsound for the optimization problem). Additionally, the extra constraint forcing at most one aircraft type per route is not present in the problem description, which eliminates valid optimal solutions (incomplete). These two issues together cause both false positives and false negatives.",2026-06-09T13:29:04
aircraft_assignment,openai/gpt-5.4-mini,minizinc,incomplete,qwen/qwen3-8b,reference_free,incomplete,yes,"The model incorrectly restricts each route to a single aircraft type (false negatives), missing valid solutions with multiple types. It lacks cost minimization objective, but this is not a label category.",2026-06-09T13:35:25
aircraft_assignment,openai/gpt-5.4-mini,minizinc,non-executable,anthropic/claude-sonnet-4.6,reference_free,non-executable,yes,"The output statement references 'total_cost' which is never defined in the model, causing a compile-time error. Additionally, the model uses 'solve satisfy' instead of minimizing cost, but the non-executable issue takes precedence.",2026-06-09T13:28:46
aircraft_assignment,openai/gpt-5.4-mini,minizinc,non-executable,qwen/qwen3-8b,reference_free,non-executable,yes,"The model defines 'total_cost' in the output but does not declare or compute it, leading to a syntax error during execution.",2026-06-09T13:34:16
aircraft_assignment,openai/gpt-5.4-mini,minizinc,unsound,anthropic/claude-sonnet-4.6,reference_free,unsound-incomplete,no,"The model uses 'solve satisfy' instead of minimizing total cost, so it finds any feasible solution rather than the optimal one (incomplete with respect to optimality). Additionally, it lacks a constraint bounding each aircraft type's total usage across routes to its availability limit (sum over j of allocation[i,j] <= availability[i]), allowing over-allocation of aircraft types (unsound). Both issues are present simultaneously.",2026-06-09T13:28:49
aircraft_assignment,openai/gpt-5.4-mini,minizinc,unsound,qwen/qwen3-8b,reference_free,unsound-incomplete,no,"The model allows invalid solutions by using max(availability) as an upper bound for all aircraft types, violating their individual availability constraints. It also fails to minimize total cost, missing optimal solutions.",2026-06-09T13:34:42
aircraft_assignment,openai/gpt-5.4-mini,minizinc,unsound-incomplete,anthropic/claude-sonnet-4.6,reference_free,unsound-incomplete,yes,"The demand constraint uses `1..n_routes-1`, skipping the last route entirely, allowing solutions that violate the last route's demand (unsound). Additionally, the spurious constraint forcing every aircraft type to be assigned at least once eliminates valid solutions where some type goes unused (incomplete). The model also uses `solve satisfy` instead of minimizing cost, further deviating from the intended objective.",2026-06-09T13:29:16
aircraft_assignment,openai/gpt-5.4-mini,minizinc,unsound-incomplete,qwen/qwen3-8b,reference_free,unsound-incomplete,yes,"The model incorrectly enforces that each aircraft type must be used (false negative) and lacks the cost minimization objective (false negative), leading to both unsound and incomplete behavior.",2026-06-09T13:35:48
aircraft_assignment,openai/gpt-5.4-mini,pyCSP3,equivalent,anthropic/claude-sonnet-4.6,reference_free,unsound-incomplete,no,"The candidate model is missing the minimize() objective function for total operational cost, so it finds any feasible solution rather than the optimal one. This makes it unsound (accepts non-optimal solutions) and incomplete (may not return the minimum cost allocation). The constraints themselves appear correct for feasibility.",2026-06-09T13:29:48
aircraft_assignment,openai/gpt-5.4-mini,pyCSP3,equivalent,qwen/qwen3-8b,reference_free,incomplete,no,The model correctly enforces capacity constraints and availability limits but lacks a cost minimization objective. It misses valid solutions that achieve lower operational costs.,2026-06-09T13:36:50
aircraft_assignment,openai/gpt-5.4-mini,pyCSP3,incomplete,anthropic/claude-sonnet-4.6,reference_free,unsound-incomplete,no,"The constraint `allocation[i][j] >= 1` incorrectly forces at least one aircraft of every type on every route, excluding valid solutions with zero allocations (incomplete). Additionally, the missing `minimize()` objective means the model doesn't optimize cost, potentially returning non-optimal solutions that wouldn't be considered correct (unsound with respect to optimality). Together these issues cause both false positives and false negatives.",2026-06-09T13:30:33
aircraft_assignment,openai/gpt-5.4-mini,pyCSP3,incomplete,qwen/qwen3-8b,reference_free,unsound-incomplete,no,The model incorrectly enforces allocation[i][j] >= 1 (false positives) and lacks cost minimization objective (false negatives).,2026-06-09T13:37:47
aircraft_assignment,openai/gpt-5.4-mini,pyCSP3,non-executable,anthropic/claude-sonnet-4.6,reference_free,incomplete,no,"The candidate model omits the minimize() objective function entirely, so it cannot find optimal solutions. Additionally, the spurious constraint `allocation[i][j] * capabilities[i][j] <= capacities[i][j]` effectively restricts each aircraft type to at most 1 unit per route, eliminating valid solutions with multiple aircraft of the same type. Both issues cause false negatives without introducing false positives.",2026-06-09T13:29:34
aircraft_assignment,openai/gpt-5.4-mini,pyCSP3,non-executable,qwen/qwen3-8b,reference_free,unsound-incomplete,no,"The model includes an invalid constraint (allocation[i][j] * capabilities[i][j] <= capacities[i][j]) not mentioned in the problem, leading to false positives. It also lacks a cost minimization objective, resulting in false negatives.",2026-06-09T13:36:32
aircraft_assignment,openai/gpt-5.4-mini,pyCSP3,unsound,anthropic/claude-sonnet-4.6,reference_free,unsound,yes,"The availability constraint loop starts at `i=1` instead of `i=0`, skipping the constraint for the first aircraft type and allowing its over-allocation. Additionally, there is no `minimize()` call for the total operational cost, so the model produces feasible but not necessarily optimal solutions, both of which constitute unsoundness relative to the intended problem.",2026-06-09T13:30:16
aircraft_assignment,openai/gpt-5.4-mini,pyCSP3,unsound,qwen/qwen3-8b,reference_free,unsound-incomplete,no,The model allows invalid solutions by missing availability constraints for the first aircraft type and lacks the objective to minimize cost.,2026-06-09T13:37:33
aircraft_assignment,openai/gpt-5.4-mini,pyCSP3,unsound-incomplete,anthropic/claude-sonnet-4.6,reference_free,unsound-incomplete,yes,"The demand satisfaction constraint uses '<=' instead of '>=' (should ensure capacity meets or exceeds demand), making the model unsound by permitting solutions that violate demand requirements. Additionally, the model lacks a minimize() objective for total operational cost, making it incomplete with respect to finding the optimal solution. Both false positives (demand-violating solutions accepted) and false negatives (valid optimal solutions missed) are present.",2026-06-09T13:30:04
aircraft_assignment,openai/gpt-5.4-mini,pyCSP3,unsound-incomplete,qwen/qwen3-8b,reference_free,unsound-incomplete,yes,"The model incorrectly uses <= for capacity constraints (should be >= to meet demand) allowing invalid solutions. It also lacks a cost minimization objective, missing valid optimal solutions.",2026-06-09T13:37:04
allergy,openai/gpt-5.4-mini,CPMpy,equivalent,anthropic/claude-sonnet-4.6,reference_free,equivalent,yes,"All five clues are correctly encoded: Debra=ragweed, Janet≠eggs/mold, Rick≠mold, Baxter=eggs via surname_to_friend[0]==food_to_friend[0], Hugh≠Lemon/Fleet, Janet≠Lemon. The inverse constraints properly link the two variable arrays, and the output format matches the required friend-index values for each food and surname.",2026-06-09T13:39:32
allergy,openai/gpt-5.4-mini,CPMpy,equivalent,qwen/qwen3-8b,reference_free,equivalent,yes,"The model correctly captures all problem constraints, ensuring bijections between friends, allergies, and surnames. All given conditions are accurately translated into constraints without introducing false positives or negatives.",2026-06-09T13:46:39
allergy,openai/gpt-5.4-mini,CPMpy,incomplete,anthropic/claude-sonnet-4.6,reference_free,incomplete,yes,"Janet is assigned the integer value 1 (from range(4)), so the constraint `Janet == 0` evaluates to Python `False`, making the model unsatisfiable and producing no output. This causes the model to miss all valid solutions rather than being a syntax error.",2026-06-09T13:39:57
allergy,openai/gpt-5.4-mini,CPMpy,incomplete,qwen/qwen3-8b,reference_free,incomplete,yes,"The model incorrectly adds a constraint 'Janet == 0' which conflicts with the problem's setup where Janet is index 1. This prevents valid solutions from being found, making the model incomplete.",2026-06-09T13:48:26
allergy,openai/gpt-5.4-mini,CPMpy,non-executable,anthropic/claude-sonnet-4.6,reference_free,non-executable,yes,"The use of `AllDifferentList(foods)` is likely an API misuse in CPMpy — `AllDifferentList` expects a list of arrays for row-wise differentiation, not a flat array of scalar variables. This may cause a runtime error. The rest of the constraints are logically correct, but this structural issue may prevent execution.",2026-06-09T13:40:14
allergy,openai/gpt-5.4-mini,CPMpy,non-executable,qwen/qwen3-8b,reference_free,equivalent,no,"The model correctly captures all constraints: unique assignments, allergy-surname mappings, and explicit restrictions. No false positives/negatives are introduced.",2026-06-09T13:48:50
allergy,openai/gpt-5.4-mini,CPMpy,unsound,anthropic/claude-sonnet-4.6,reference_free,unsound,yes,"The constraint 'fleet >= 0' is a no-op (always satisfied for intvar(0,3)) instead of the intended 'fleet != Hugh' (fleet != 2). This means Hugh can be assigned the surname Fleet, violating the clue that Hugh is neither surnamed Lemon nor Fleet, allowing invalid solutions.",2026-06-09T13:39:44
allergy,openai/gpt-5.4-mini,CPMpy,unsound,qwen/qwen3-8b,reference_free,unsound,yes,"The model allows Hugh to be surnamed Fleet (missing constraint), leading to invalid solutions. Other constraints are correctly captured.",2026-06-09T13:46:59
allergy,openai/gpt-5.4-mini,CPMpy,unsound-incomplete,anthropic/claude-sonnet-4.6,reference_free,unsound-incomplete,yes,"The candidate is missing the constraint `mold != Rick` (clue 1), allowing invalid solutions where Rick is allergic to mold (unsound). It also adds an unjustified constraint `malone == Janet` not supported by any clue, which eliminates potentially valid solutions (incomplete). These two issues together make the model both unsound and incomplete.",2026-06-09T13:40:28
allergy,openai/gpt-5.4-mini,minizinc,equivalent,anthropic/claude-sonnet-4.6,reference_free,equivalent,yes,"I need to analyze this MiniZinc model against the problem description.

**Problem Analysis:**
- Friends: Debra=0, Janet=1, Hugh=2, Rick=3
- Allergies: eggs=0, mold=1, nuts=2, ragweed=3
- Surnames: baxter=0, lemon=1, malone=2, fleet=3

**Constraints from problem:**
1. Rick (3) is not allergic to mold",2026-06-09T13:39:01
allergy,openai/gpt-5.4-mini,minizinc,equivalent,qwen/qwen3-8b,reference_free,incomplete,no,"The model incorrectly restricts Janet's surname to exclude Baxter (0) and adds unnecessary constraints on 'lemon' variable, missing valid solutions where Janet's surname could be Baxter or other allowed options.",2026-06-09T13:45:18
allergy,openai/gpt-5.4-mini,minizinc,incomplete,anthropic/claude-sonnet-4.6,reference_free,unsound-incomplete,no,"The candidate forces food_of[i] = surname_of[i] for all friends, which is far stronger than the intended 'Baxter is allergic to eggs' constraint (only requiring that whoever has surname Baxter has food eggs). This additional equality constraint eliminates valid solutions (incomplete) and the encoding of the Baxter constraint via index equality rather than the proper implication may also allow invalid mappings in edge cases (unsound).",2026-06-09T13:38:29
allergy,openai/gpt-5.4-mini,minizinc,incomplete,qwen/qwen3-8b,reference_free,equivalent,no,The model correctly enforces all problem constraints through appropriate variable assignments and constraints. The mapping between surnames and allergies is accurately captured via the equality constraints between food_of and surname_of arrays.,2026-06-09T13:43:28
allergy,openai/gpt-5.4-mini,minizinc,non-executable,anthropic/claude-sonnet-4.6,reference_free,non-executable,yes,"The constraint `surname[Baxter] = eggs` attempts to index a FRIEND-indexed array with a SURNAME enum value (Baxter), which is a type error in MiniZinc. Additionally, `eggs` is a FOOD value being compared to a SURNAME variable, compounding the type mismatch. The model will fail to compile.",2026-06-09T13:38:40
allergy,openai/gpt-5.4-mini,minizinc,non-executable,qwen/qwen3-8b,reference_free,non-executable,yes,"The constraint 'surname[Baxter] = eggs' is invalid because 'Baxter' is not a valid FRIEND enum value. The model attempts to index the surname array with an invalid FRIEND identifier, leading to a syntax error.",2026-06-09T13:44:15
allergy,openai/gpt-5.4-mini,minizinc,unsound,anthropic/claude-sonnet-4.6,reference_free,unsound,yes,"The candidate correctly encodes most constraints but omits 'Hugh != fleet' (fleet ≠ 2) from the clue 'Hugh is neither surnamed Lemon nor Fleet'. This allows invalid solutions where Hugh has the Fleet surname, making the model unsound.",2026-06-09T13:39:13
allergy,openai/gpt-5.4-mini,minizinc,unsound,qwen/qwen3-8b,reference_free,equivalent,no,"The model correctly captures all constraints: unique assignments for allergies and surnames, Rick's allergy, Baxter's allergy, Hugh's surname, Debra's allergy, and Janet's restrictions. All constraints are semantically equivalent to the problem description.",2026-06-09T13:46:10
allergy,openai/gpt-5.4-mini,minizinc,unsound-incomplete,anthropic/claude-sonnet-4.6,reference_free,equivalent,no,"All five clues are correctly translated into MiniZinc constraints using 1-based indexing (Debra=1, Janet=2, Hugh=3, Rick=4). The model enforces all-different for both foods and surnames, and each clue maps directly to the corresponding constraint. The solution found is logically correct and unique.",2026-06-09T13:38:03
allergy,openai/gpt-5.4-mini,minizinc,unsound-incomplete,qwen/qwen3-8b,reference_free,unsound,no,"The model incorrectly maps constraints between allergies and surnames using 1-based indices instead of 0-based, leading to false positives. Key errors include mismatched index ranges and improper variable declarations that fail to capture the required relationships between friends, surnames, and allergies.",2026-06-09T13:42:02
allergy,openai/gpt-5.4-mini,pyCSP3,incomplete,anthropic/claude-sonnet-4.6,reference_free,unsound-incomplete,no,"The candidate contains contradictory constraints (`mold != 3` and `mold == 3`) making the model unsatisfiable (missing all valid solutions). It also adds unjustified constraints like `eggs != 3`, `nuts != 3`, and `baxter == 3` that exclude potentially valid solutions or are inconsistent, while missing the `lemon != 1` constraint. This combination of false positives/negatives from wrong constraints and unsatisfiability makes it unsound-incomplete.",2026-06-09T13:41:04
allergy,openai/gpt-5.4-mini,pyCSP3,non-executable,anthropic/claude-sonnet-4.6,reference_free,non-executable,yes,"The `AllDifferent(..., invalid=True)` call uses a non-existent keyword argument in pyCSP3's API, which would raise a runtime error. Additionally, `Hugh != lemon if False else True` evaluates to the constant `True` rather than imposing any constraint, and several required constraints (mold≠1, fleet≠2) are missing.",2026-06-09T13:40:47
allergy,openai/gpt-5.4-mini,pyCSP3,unsound-incomplete,anthropic/claude-sonnet-4.6,reference_free,unsound-incomplete,yes,"I need to analyze this candidate model carefully.

## Step 1: Check Executability

The code uses pyCSP3 syntax. Let me check the structure:
- `VarArray(size=4, dom=allergies)` where allergies = range(4) — this creates arrays of 4 variables each with domain {0,1,2,3}.
- `AllDifferent(eggs)` etc. are ",2026-06-09T13:41:24
